,president,party,annual_gnp_growth_pct,annual_debt_increase_pct,ufo_sightings,daily_cig_sale_per_adult
0,Harry S. Truman,Democratic,-1.53,0.2,15,9.300000190734863
1,Harry S. Truman,Democratic,13.37,1.8,21,9.300000190734863
2,Harry S. Truman,Democratic,5.47,-0.8,13,9.800000190734863
3,Harry S. Truman,Democratic,5.37,1.5,37,10.0
4,Dwight D. Eisenhower,Republican,0.52,2.7,26,9.699999809265137
5,Dwight D. Eisenhower,Republican,2.73,2.0,38,9.199999809265137
6,Dwight D. Eisenhower,Republican,6.58,1.1,25,9.399999618530273
7,Dwight D. Eisenhower,Republican,2.0,-0.6,39,9.399999618530273
8,Dwight D. Eisenhower,Republican,0.35,-0.8,62,9.699999809265137
9,Dwight D. Eisenhower,Republican,2.66,2.1,42,10.19999980926514
10,Dwight D. Eisenhower,Republican,4.59,3.0,43,10.5
11,Dwight D. Eisenhower,Republican,0.88,0.6,51,10.69999980926514
12,John F. Kennedy,Democratic,6.4,0.9,41,11.0
13,John F. Kennedy,Democratic,4.31,3.2,56,10.899999618530268
14,John F. Kennedy,Democratic,5.16,2.6,68,11.0
15,Lyndon B. Johnson,Democratic,5.16,1.9,78,10.60000038146973
16,Lyndon B. Johnson,Democratic,8.46,1.8,164,10.69999980926514
17,Lyndon B. Johnson,Democratic,4.5,0.8,160,10.69999980926514
18,Lyndon B. Johnson,Democratic,2.67,2.0,147,10.69999980926514
19,Lyndon B. Johnson,Democratic,4.96,6.5,175,10.39999961853027
20,Richard Nixon,Republican,2.05,1.8,120,10.0
21,Richard Nixon,Republican,-0.17,4.9,109,10.19999980926514
22,Richard Nixon,Republican,4.37,7.3,97,9.899999618530273
23,Richard Nixon,Republican,4.37,7.3,97,10.19999980926514
24,Richard Nixon,Republican,6.9,7.3,119,9.899999618530273
25,Richard Nixon,Republican,6.9,7.3,119,10.19999980926514
26,Richard Nixon,Republican,4.02,7.2,188,10.69999980926514
27,Gerald Ford,Republican,-1.95,3.7,219,10.60000038146973
28,Gerald Ford,Republican,2.55,12.2,247,10.39999961853027
29,Gerald Ford,Republican,4.31,16.4,222,10.30000019073486
30,Jimmy Carter,Democratic,5.01,12.6,206,10.19999980926514
31,Jimmy Carter,Democratic,6.66,10.4,258,10.0
32,Jimmy Carter,Democratic,1.28,7.1,191,9.899999618530273
33,Jimmy Carter,Democratic,-0.04,9.8,194,9.899999618530273
34,Ronald Reagan,Republican,1.3,9.9,133,9.899999618530273
35,Ronald Reagan,Republican,-1.44,14.4,134,9.699999809265137
36,Ronald Reagan,Republican,7.9,20.6,122,9.100000381469727
37,Ronald Reagan,Republican,5.58,14.2,144,9.0
38,Ronald Reagan,Republican,4.18,16.0,171,8.800000190734863
39,Ronald Reagan,Republican,2.91,16.6,153,8.600000381469728
40,Ronald Reagan,Republican,4.48,10.6,176,8.300000190734862
41,Ronald Reagan,Republican,3.8,10.7,188,8.100000381469728
42,George H. W. Bush,Republican,2.74,9.8,200,7.599999904632567
43,George H. W. Bush,Republican,0.6,13.2,191,7.400000095367432
44,George H. W. Bush,Republican,1.17,13.4,180,7.099999904632568
45,George H. W. Bush,Republican,4.38,10.9,183,6.9000000953674325
46,Bill Clinton,Democratic,2.61,8.5,228,6.599999904632568
47,Bill Clinton,Democratic,4.12,6.4,324,6.599999904632568
48,Bill Clinton,Democratic,2.2,6.0,915,6.5
49,Bill Clinton,Democratic,4.42,5.0,646,6.4000000953674325
50,Bill Clinton,Democratic,4.49,3.6,1009,6.300000190734862
51,Bill Clinton,Democratic,4.88,2.1,1404,6.0
52,Bill Clinton,Democratic,4.81,2.4,2253,5.699999809265138
53,Bill Clinton,Democratic,2.97,0.3,2184,5.400000095367432
54,George W. Bush,Republican,0.15,2.3,2445,5.300000190734863
55,George W. Bush,Republican,2.09,7.2,2439,5.099999904632568
56,George W. Bush,Republican,2.09,7.2,2439,4.5
57,George W. Bush,Republican,2.59,7.2,2884,5.099999904632568
58,George W. Bush,Republican,2.59,7.2,2884,4.5
59,George W. Bush,Republican,4.33,8.9,2958,4.900000095367432
60,George W. Bush,Republican,3.28,8.8,3244,4.699999809265137
61,George W. Bush,Republican,3.13,7.5,3228,4.5
62,George W. Bush,Republican,1.97,5.9,3470,4.199999809265137
63,George W. Bush,Republican,-2.75,11.3,4017,4.0
64,Barack Obama,Democratic,0.18,18.8,3677,3.700000047683716
65,Barack Obama,Democratic,2.57,13.9,3548,3.5999999046325684
66,Barack Obama,Democratic,1.61,9.1,4379,3.5
67,Barack Obama,Democratic,1.47,8.6,6320,3.5
68,Barack Obama,Democratic,2.61,4.2,6056,3.299999952316284
69,Barack Obama,Democratic,2.7,6.5,1964,3.2000000476837163
